Zotero_Key,Author_Year,Decision,Tags
BHXDU7VM,Chatterji (2025),Exclude,PRISMA_Exclude; Exclusion_Insufficient_quality
I78CL6R5,Chiu (06/2),Exclude,PRISMA_Exclude; Exclusion_No_full_text
VP6SXQHY,Benlian (10/2),Exclude,PRISMA_Exclude; Exclusion_No_full_text
AXEIVEW3,Lanzetta (2024),Include,PRISMA_Include; Relevance_High; Dimension_Vulnerable_Groups; Dimension_AI_Literacy; Dimension_Practice; Dimension_Social_Work
UFE85SCV,Casal-Otero (2023),Exclude,PRISMA_Exclude; Exclusion_Not_relevant_topic
J9IZDVTW,Biagini (Juli),Unclear,PRISMA_Unclear; Relevance_Medium; Dimension_AI_Literacy
P82X89Q4,Chee (09/2),Unclear,PRISMA_Unclear; Relevance_Medium; Dimension_AI_Literacy; Dimension_Practice
KPSF8EZE,Chiu (2025),Exclude,PRISMA_Exclude; Exclusion_No_full_text
XCS4YCQH,European Commission. Joint Research Centre. (2017),Exclude,PRISMA_Exclude; Exclusion_No_full_text
SY8LNID7,Arias López (2023),Exclude,PRISMA_Exclude; Exclusion_Not_relevant_topic
43CRXRRT,Tinmaz (12/2),Exclude,PRISMA_Exclude; Exclusion_Not_relevant_topic
HTXCWNQ9,Peng (2022),Exclude,PRISMA_Exclude; Exclusion_Not_relevant_topic
7G78SADI,Pinski (01/2),Exclude,PRISMA_Exclude; Exclusion_No_full_text
3AQ2K3BX,Ng (2021),Exclude,PRISMA_Exclude; Exclusion_No_full_text
7VFNS5R3,Kong (2021),Exclude,PRISMA_Exclude; Exclusion_No_full_text
23Y3627L,Wang (2023),Exclude,PRISMA_Exclude; Exclusion_No_full_text
4BRSDIPP,Laupichler (12/2),Exclude,PRISMA_Exclude; Exclusion_No_full_text
YDW5TX8M,Deuze (2022),Exclude,PRISMA_Exclude; Exclusion_No_full_text
BBLJ4RG3,Kong (06/2),Exclude,PRISMA_Exclude; Exclusion_No_full_text
FJQ6XYHH,Kong (2025),Exclude,PRISMA_Exclude; Exclusion_No_full_text
JMAWNUEV,Jin (12/2),Exclude,PRISMA_Exclude; Exclusion_No_full_text
7U29SIC8,Sperling (06/2),Exclude,PRISMA_Exclude; Exclusion_No_full_text
3K9RDWLY,Pinski (2023),Exclude,PRISMA_Exclude; Exclusion_No_full_text
2SNYUZG4,Yan (2024),Exclude,PRISMA_Exclude; Exclusion_No_full_text
SE579V7B,Ng (2021),Exclude,PRISMA_Exclude; Exclusion_No_full_text
KI9GRGHB,Marjanovic (2022),Include,PRISMA_Include; Relevance_High; Dimension_Bias; Dimension_Vulnerable_Groups; Dimension_Social_Work
AMYZFAPH,Perron (2023),Include,PRISMA_Include; Relevance_Medium; Dimension_Bias; Dimension_AI_Literacy; Dimension_Practice; Dimension_Social_Work
VSZM7CT6,Hodgson (2022),Include,PRISMA_Include; Relevance_High; Dimension_Bias; Dimension_Vulnerable_Groups; Dimension_AI_Literacy; Dimension_Social_Work
EXRF5629,Spaulding (2023),Include,PRISMA_Include; Relevance_Medium; Dimension_Bias; Dimension_Vulnerable_Groups; Dimension_Practice; Dimension_Social_Work
NSI6S5QE,National Association of Social Workers (2017),Include,PRISMA_Include; Relevance_Medium; Dimension_Practice; Dimension_Social_Work
7FEFMCBZ,Cheng (Apri),Include,PRISMA_Include; Relevance_High; Dimension_Bias; Dimension_Vulnerable_Groups; Dimension_Practice; Dimension_Social_Work
LR8Z3YHP,Wadmann (2020),Exclude,PRISMA_Exclude; Exclusion_Not_relevant_topic
P4YQIKJX,Li (2023),Include,PRISMA_Include; Relevance_Medium; Dimension_Bias; Dimension_Vulnerable_Groups; Dimension_Practice
R7V99ERA,Field (June),Include,PRISMA_Include; Relevance_High; Dimension_Bias; Dimension_Vulnerable_Groups; Dimension_Social_Work
4ZL5Q48E,Jarrahi (2021),Include,PRISMA_Include; Relevance_Medium; Dimension_Bias; Dimension_Vulnerable_Groups
ZQHP5G35,Jørgensen (2023),Include,PRISMA_Include; Relevance_Medium; Dimension_Bias; Dimension_Vulnerable_Groups; Dimension_Social_Work
A2P8MXMY,Keddell (2019),Include,PRISMA_Include; Relevance_High; Dimension_Bias; Dimension_Vulnerable_Groups; Dimension_Social_Work
ZITLBM8A,Singer (2023),Include,PRISMA_Include; Relevance_Medium; Dimension_Bias; Dimension_Social_Work
QI5AYE4V,McDonald (2023),Include,PRISMA_Include; Relevance_High; Dimension_Bias; Dimension_Vulnerable_Groups; Dimension_AI_Literacy; Dimension_Practice; Dimension_Social_Work
WTLVG29I,Reamer (2023),Include,PRISMA_Include; Relevance_High; Dimension_Bias; Dimension_Vulnerable_Groups; Dimension_AI_Literacy; Dimension_Practice; Dimension_Social_Work
J7V3AAQT,Sabour (2023),Include,PRISMA_Include; Relevance_Medium; Dimension_Vulnerable_Groups; Dimension_Practice; Dimension_Social_Work
9WIGR47Y,Rodríguez-Martínez (2024),Include,PRISMA_Include; Relevance_Medium; Dimension_Bias; Dimension_Vulnerable_Groups; Dimension_Social_Work
S8WGUVQT,Dencik (2024),Include,PRISMA_Include; Relevance_High; Dimension_Bias; Dimension_Vulnerable_Groups; Dimension_Social_Work
LXDG4KQK,Amnesty International (2024),Include,PRISMA_Include; Relevance_High; Dimension_Bias; Dimension_Vulnerable_Groups; Dimension_Social_Work
BTLTEA6Y,Meilvang (2024),Include,PRISMA_Include; Relevance_Medium; Dimension_Bias; Dimension_Vulnerable_Groups; Dimension_Social_Work
7D3ICY7Z,van Toorn (2024),Include,PRISMA_Include; Relevance_High; Dimension_Bias; Dimension_Vulnerable_Groups; Dimension_Social_Work
XQM6WRU2,Cher (2024),Include,PRISMA_Include; Relevance_High; Dimension_Bias; Dimension_Vulnerable_Groups; Dimension_Practice; Dimension_Social_Work
E4G328PD,Heinz (Marc),Include,PRISMA_Include; Relevance_Medium; Dimension_Vulnerable_Groups; Dimension_Practice; Dimension_Social_Work
GFXYER4F,Takaoka (2022),Include,PRISMA_Include; Relevance_High; Dimension_Bias; Dimension_Vulnerable_Groups; Dimension_Practice; Dimension_Social_Work
3B87U5LN,Siddals (2024),Include,PRISMA_Include; Relevance_Medium; Dimension_Vulnerable_Groups; Dimension_Practice; Dimension_Social_Work
C325Y32P,World Economic Forum (2024),Include,PRISMA_Include; Relevance_High; Dimension_Vulnerable_Groups; Dimension_AI_Literacy; Dimension_Practice; Dimension_Social_Work
7QQV7R9S,British Association of Social Workers (2025),Include,PRISMA_Include; Relevance_High; Dimension_Bias; Dimension_Vulnerable_Groups; Dimension_Practice; Dimension_Social_Work
PI5H2LZ2,Moreau (2024),Include,PRISMA_Include; Relevance_High; Dimension_Bias; Dimension_Vulnerable_Groups; Dimension_Practice; Dimension_Social_Work
JC7X3MM7,Kawakami (Apri),Include,PRISMA_Include; Relevance_High; Dimension_Bias; Dimension_Vulnerable_Groups; Dimension_Practice; Dimension_Social_Work
TNLGELEQ,Näscher (2025),Include,PRISMA_Include; Relevance_Medium; Dimension_AI_Literacy; Dimension_Practice; Dimension_Social_Work
8MDXCTA6,Hall (2024),Include,PRISMA_Include; Relevance_High; Dimension_Bias; Dimension_Vulnerable_Groups; Dimension_Practice; Dimension_Social_Work
4GYXUS9Y,Goldkind (2024),Exclude,PRISMA_Exclude; Exclusion_Wrong_publication_type
CLKAD87H,James (2025),Include,PRISMA_Include; Relevance_Medium; Dimension_Bias; Dimension_AI_Literacy; Dimension_Practice
CY5IMM6G,Ahn (2025),Include,PRISMA_Include; Relevance_High; Dimension_Bias; Dimension_Vulnerable_Groups; Dimension_AI_Literacy; Dimension_Practice; Dimension_Social_Work
UENFDPH9,Garkisch (2024),Include,PRISMA_Include; Relevance_Medium; Dimension_AI_Literacy; Dimension_Social_Work
AK7K4P97,Baker (2025),Include,PRISMA_Include; Relevance_High; Dimension_Bias; Dimension_Vulnerable_Groups; Dimension_AI_Literacy; Dimension_Practice; Dimension_Social_Work
6Y5EPQRR,Kutscher (2023),Exclude,PRISMA_Exclude; Exclusion_Not_relevant_topic
QKFG72IT,Fujii (2024),Exclude,PRISMA_Exclude; Exclusion_Not_relevant_topic
BKSU66QB,Kutscher (2024),Include,PRISMA_Include; Relevance_Medium; Dimension_Bias; Dimension_Vulnerable_Groups; Dimension_Social_Work
M2FYV58I,Schneider (2022),Include,PRISMA_Include; Relevance_High; Dimension_Bias; Dimension_Vulnerable_Groups; Dimension_Practice; Dimension_Social_Work
LMW8DZ78,Schneider (2025),Include,PRISMA_Include; Relevance_Medium; Dimension_Vulnerable_Groups; Dimension_Social_Work
2WHGF83D,Schneider (2024),Include,PRISMA_Include; Relevance_Medium; Dimension_Bias; Dimension_Vulnerable_Groups
44AA6ETH,Schneider (2024),Include,PRISMA_Include; Relevance_High; Dimension_Bias; Dimension_Vulnerable_Groups; Dimension_Social_Work
QG8IAB53,Jarke (2024),Exclude,PRISMA_Exclude; Exclusion_Not_relevant_topic
49PPZJ7Z,Zakharova (2024),Include,PRISMA_Include; Relevance_Medium; Dimension_Bias; Dimension_Vulnerable_Groups; Dimension_Social_Work
NQEUZQF9,Jarke (2025),Include,PRISMA_Include; Relevance_Medium; Dimension_Vulnerable_Groups; Dimension_Practice
L6PH7GDL,Linnemann (2025),Include,PRISMA_Include; Relevance_High; Dimension_Bias; Dimension_Vulnerable_Groups; Dimension_AI_Literacy; Dimension_Practice; Dimension_Social_Work
QLXLEUCG,Schneider (2018),Include,PRISMA_Include; Relevance_Medium; Dimension_Bias; Dimension_Social_Work
4JN7NIS4,Steiner (2022),Include,PRISMA_Include; Relevance_High; Dimension_Bias; Dimension_Vulnerable_Groups; Dimension_Social_Work
GZ9B3GPD,Waag (2023),Unclear,PRISMA_Unclear; Relevance_Medium; Dimension_Social_Work
MA3LBJS6,Linnemann (2023),Include,PRISMA_Include; Relevance_High; Dimension_Bias; Dimension_Vulnerable_Groups; Dimension_AI_Literacy; Dimension_Social_Work
2FUXNFZS,Unknown (2024),Include,PRISMA_Include; Relevance_Medium; Dimension_Bias; Dimension_Vulnerable_Groups; Dimension_Social_Work
HSQW48VE,Unknown (2025),Include,PRISMA_Include; Relevance_High; Dimension_Bias; Dimension_Vulnerable_Groups; Dimension_AI_Literacy; Dimension_Practice; Dimension_Social_Work
SS5HTYY6,Unknown (2025),Unclear,PRISMA_Unclear; Relevance_Medium; Dimension_Bias; Dimension_Vulnerable_Groups; Dimension_Social_Work
H59BNSX8,James (2023),Include,PRISMA_Include; Relevance_High; Dimension_Bias; Dimension_Vulnerable_Groups; Dimension_AI_Literacy; Dimension_Practice; Dimension_Social_Work
RAV6DAFQ,Goldkind (2023),Exclude,PRISMA_Exclude; Exclusion_Wrong_publication_type
YRBP6IEJ,Rodriguez (2024),Include,PRISMA_Include; Relevance_High; Dimension_Bias; Dimension_Vulnerable_Groups; Dimension_AI_Literacy; Dimension_Practice; Dimension_Social_Work
JI24FQPV,Creswell Báez (2025),Include,PRISMA_Include; Relevance_High; Dimension_Bias; Dimension_AI_Literacy; Dimension_Practice; Dimension_Social_Work
LGYFN6JK,Patton (2023),Include,PRISMA_Include; Relevance_High; Dimension_Bias; Dimension_Vulnerable_Groups; Dimension_Practice; Dimension_Social_Work
X2QQ4JH6,Reamer (2023),Include,PRISMA_Include; Relevance_High; Dimension_Bias; Dimension_Vulnerable_Groups; Dimension_Practice; Dimension_Social_Work
GXZWBNJU,Boetto (2025),Include,PRISMA_Include; Relevance_High; Dimension_Bias; Dimension_Vulnerable_Groups; Dimension_Practice; Dimension_Social_Work
ZJS2J7E7,Ahn (2025),Include,PRISMA_Include; Relevance_High; Dimension_Bias; Dimension_Vulnerable_Groups; Dimension_AI_Literacy; Dimension_Practice; Dimension_Social_Work
Y6M97SWQ,Yu (2025),Include,PRISMA_Include; Relevance_High; Dimension_Bias; Dimension_Vulnerable_Groups; Dimension_Practice; Dimension_Social_Work
VICS443I,Singer (2023),Include,PRISMA_Include; Relevance_Medium; Dimension_Bias; Dimension_AI_Literacy; Dimension_Social_Work
R5QQTD95,Schönauer (2025),Include,PRISMA_Include; Relevance_Medium; Dimension_AI_Literacy; Dimension_Practice; Dimension_Social_Work
JNLPSHD5,Linnemann (2023),Include,PRISMA_Include; Relevance_High; Dimension_Bias; Dimension_Vulnerable_Groups; Dimension_AI_Literacy; Dimension_Social_Work
H7E3N6VR,Sūna (2024),Include,PRISMA_Include; Relevance_High; Dimension_Bias; Dimension_Vulnerable_Groups; Dimension_AI_Literacy; Dimension_Practice
MITLDF9S,Feist-Ortmanns (2025),Include,PRISMA_Include; Relevance_High; Dimension_Bias; Dimension_Vulnerable_Groups; Dimension_Practice; Dimension_Social_Work
D4FY2S3R,Gravelmann (2024),Include,PRISMA_Include; Relevance_High; Dimension_Bias; Dimension_Vulnerable_Groups; Dimension_AI_Literacy; Dimension_Practice; Dimension_Social_Work
DGLWM93D,Engelhardt (2025),Include,PRISMA_Include; Relevance_High; Dimension_AI_Literacy; Dimension_Practice; Dimension_Social_Work
EB7PZUZZ,Freinhofer (2025),Exclude,PRISMA_Exclude; Exclusion_Not_relevant_topic
7FBB2KUC,Linnemann (2023),Include,PRISMA_Include; Relevance_Medium; Dimension_Vulnerable_Groups; Dimension_Social_Work
6N2E242K,Schönauer (2025),Include,PRISMA_Include; Relevance_High; Dimension_Vulnerable_Groups; Dimension_AI_Literacy; Dimension_Practice; Dimension_Social_Work
HT9ZSI9U,Kutscher (2020),Unclear,PRISMA_Unclear; Relevance_Medium; Dimension_Vulnerable_Groups; Dimension_Social_Work
79TL6HSB,Chen (2025),Include,PRISMA_Include; Relevance_High; Dimension_Bias; Dimension_AI_Literacy; Dimension_Practice; Dimension_Social_Work
PAZJHB8J,Nuwasiima (2024),Include,PRISMA_Include; Relevance_High; Dimension_Bias; Dimension_Vulnerable_Groups; Dimension_Practice; Dimension_Social_Work
YTDMY5W4,Hauck (2025),Include,PRISMA_Include; Relevance_High; Dimension_Bias; Dimension_Vulnerable_Groups; Dimension_AI_Literacy; Dimension_Practice
PYN6HB3E,Alam (2025),Include,PRISMA_Include; Relevance_High; Dimension_Bias; Dimension_Vulnerable_Groups; Dimension_AI_Literacy; Dimension_Practice; Dimension_Social_Work
THVKEETD,Ahn (2025),Include,PRISMA_Include; Relevance_High; Dimension_Bias; Dimension_Vulnerable_Groups; Dimension_AI_Literacy; Dimension_Social_Work
CF6T2RD7,Reamer (2023),Include,PRISMA_Include; Relevance_High; Dimension_Bias; Dimension_AI_Literacy; Dimension_Practice; Dimension_Social_Work
HZKE8T8I,Gravelmann (2024),Unclear,PRISMA_Unclear; Relevance_Medium; Dimension_Bias; Dimension_Vulnerable_Groups; Dimension_Social_Work
LXKXPD5H,Studeny (2025),Unclear,PRISMA_Unclear; Relevance_Medium; Dimension_Bias; Dimension_Vulnerable_Groups; Dimension_Social_Work
9832ZJB7,Biegelbauer (2023),Include,PRISMA_Include; Relevance_Medium; Dimension_Bias; Dimension_AI_Literacy; Dimension_Practice
DJEVSR8D,Ahrweiler (2025),Include,PRISMA_Include; Relevance_High; Dimension_Bias; Dimension_Vulnerable_Groups; Dimension_Practice; Dimension_Social_Work
QVNJIQJG,Strauß (2024),Include,PRISMA_Include; Relevance_High; Dimension_Bias; Dimension_AI_Literacy; Dimension_Practice
UHEM78MX,Long (2020),Exclude,PRISMA_Exclude; Exclusion_No_full_text
JHRVDXSD,Ahn (2025),Exclude,PRISMA_Exclude; Exclusion_No_full_text
2MVSL3UV,Zhang (09/2),Exclude,PRISMA_Exclude; Exclusion_Not_relevant_topic
UKKQKL7I,Washington (2025),Exclude,PRISMA_Exclude; Exclusion_Wrong_publication_type
8MRNK6FX,Unknown (2024),Exclude,PRISMA_Exclude; Exclusion_No_full_text
SSF5Q33W,Unknown (2024),Exclude,PRISMA_Exclude; Exclusion_No_full_text
LPMP8QAY,Weber (2023),Exclude,PRISMA_Exclude; Exclusion_No_full_text
KQ5A8D6E,Unknown (2024),Exclude,PRISMA_Exclude; Exclusion_No_full_text
K3YCLBXK,Ruiz (06/2),Exclude,PRISMA_Exclude; Exclusion_Wrong_publication_type
BFG8VUK3,Quaid-i-Azam University (2025),Unclear,PRISMA_Unclear; Relevance_Medium; Dimension_Bias; Dimension_Vulnerable_Groups; Dimension_AI_Literacy
MPCZVZEW,Goellner (2025),Unclear,PRISMA_Unclear; Relevance_Medium; Dimension_AI_Literacy; Dimension_Practice
XY2WVKBY,Zeng (2025),Include,PRISMA_Include; Relevance_Medium; Dimension_Bias; Dimension_Vulnerable_Groups
JPUCNHNU,Pan (2025),Include,PRISMA_Include; Relevance_Medium; Dimension_Bias; Dimension_Vulnerable_Groups; Dimension_Practice
YV53DKI2,Santos (2024),Exclude,PRISMA_Exclude; Exclusion_Not_relevant_topic
BDBYDLVK,Singh (2025),Include,PRISMA_Include; Relevance_Medium; Dimension_Bias; Dimension_Vulnerable_Groups; Dimension_Practice
T9KEZN3G,Taeihagh (2025),Include,PRISMA_Include; Relevance_Medium; Dimension_Bias; Dimension_Vulnerable_Groups; Dimension_Practice
99QJDBSV,Santos (2025),Unclear,PRISMA_Unclear; Relevance_Medium; Dimension_Bias; Dimension_AI_Literacy
R3VJVFCE,Kamruzzaman (2024),Include,PRISMA_Include; Relevance_High; Dimension_Bias; Dimension_Vulnerable_Groups; Dimension_Practice
GCQ8J9XF,Barman (2024),Include,PRISMA_Include; Relevance_Medium; Dimension_Bias; Dimension_AI_Literacy; Dimension_Practice
EMZ33KFH,Ghosal (2025),Include,PRISMA_Include; Relevance_Medium; Dimension_Bias; Dimension_Vulnerable_Groups
WLV8L8PM,Tint (2025),Include,PRISMA_Include; Relevance_Medium; Dimension_Bias; Dimension_Vulnerable_Groups
38E5FZDV,Bai (2025),Include,PRISMA_Include; Relevance_Medium; Dimension_Bias; Dimension_Vulnerable_Groups; Dimension_Practice
WNY526GN,Gallegos (2024),Include,PRISMA_Include; Relevance_Medium; Dimension_Bias; Dimension_Vulnerable_Groups; Dimension_Practice
22XEFRWP,Petzel (2025),Include,PRISMA_Include; Relevance_Medium; Dimension_Bias; Dimension_Vulnerable_Groups
QDUGSBPC,An (2025),Include,PRISMA_Include; Relevance_Medium; Dimension_Bias; Dimension_Vulnerable_Groups
7L78MV2V,Navigli (2023),Include,PRISMA_Include; Relevance_Medium; Dimension_Bias; Dimension_Vulnerable_Groups
IW32JGWV,OECD (2023),Include,PRISMA_Include; Relevance_Medium; Dimension_Bias; Dimension_Vulnerable_Groups; Dimension_Practice
LBLF9BCW,Lau (2023),Unclear,PRISMA_Unclear; Relevance_Medium; Dimension_Bias; Dimension_Vulnerable_Groups; Dimension_Practice
QFPTW4VL,European Data Protection Supervisor (2023),Include,PRISMA_Include; Relevance_Medium; Dimension_Bias; Dimension_Vulnerable_Groups
DUV4TUG3,Lahoti (2023),Include,PRISMA_Include; Relevance_High; Dimension_Bias; Dimension_Vulnerable_Groups; Dimension_Practice
6L6WSDC8,Hayati (2024),Include,PRISMA_Include; Relevance_Medium; Dimension_Bias; Dimension_Vulnerable_Groups; Dimension_Practice
3AHQEHDF,Wang (2024),Exclude,PRISMA_Exclude; Exclusion_Not_relevant_topic
PH7JBBC8,Bisconti (2024),Unclear,PRISMA_Unclear; Relevance_Low; Dimension_Practice
7AMRV4DT,Srinivasan (2025),Unclear,PRISMA_Unclear; Relevance_Medium; Dimension_Practice
ZGM7K3H6,Goldkind (2024),Include,PRISMA_Include; Relevance_High; Dimension_Bias; Dimension_Vulnerable_Groups; Dimension_Practice; Dimension_Social_Work
Y4BMCI2J,Asseri (2024),Include,PRISMA_Include; Relevance_Medium; Dimension_Bias; Dimension_Vulnerable_Groups; Dimension_Practice
4PK8UN82,Victor (2023),Include,PRISMA_Include; Relevance_High; Dimension_Bias; Dimension_AI_Literacy; Dimension_Practice; Dimension_Social_Work
EXVG7MQR,Reamer (2023),Include,PRISMA_Include; Relevance_High; Dimension_Bias; Dimension_Vulnerable_Groups; Dimension_Practice; Dimension_Social_Work
BCBWSU3Z,Debnath (2024),Unclear,PRISMA_Unclear; Relevance_Low; Dimension_AI_Literacy; Dimension_Practice
G53MCF3W,Gaba (2025),Include,PRISMA_Include; Relevance_Medium; Dimension_Bias; Dimension_Vulnerable_Groups
8JFZMD5G,Colombatto (2025),Unclear,PRISMA_Unclear; Relevance_Medium; Dimension_AI_Literacy; Dimension_Practice
ERTJZW5M,Tun (2025),Include,PRISMA_Include; Relevance_Medium; Dimension_Bias; Dimension_Social_Work
5ERYSQCK,De Duro (2025),Exclude,PRISMA_Exclude; Exclusion_Not_relevant_topic
RXNXJA8W,Steyvers (2025),Unclear,PRISMA_Unclear; Relevance_Medium; Dimension_AI_Literacy; Dimension_Practice
JKF6VAQB,Park (2025),Include,PRISMA_Include; Relevance_Low; Dimension_Practice
EJEFPZGA,[Author not specified] (2025),Include,PRISMA_Include; Relevance_High; Dimension_Bias; Dimension_AI_Literacy; Dimension_Practice; Dimension_Social_Work
7W3RGSSG,Kamruzzaman (2024),Include,PRISMA_Include; Relevance_Medium; Dimension_Bias; Dimension_Practice
NFW58AU8,Xu (2023),Include,PRISMA_Include; Relevance_Low; Dimension_Practice
ED6C8LD2,Choudhury (2024),Include,PRISMA_Include; Relevance_Medium; Dimension_Bias; Dimension_Practice; Dimension_Social_Work
XJCEMM3D,Bisconti (2024),Unclear,PRISMA_Unclear; Relevance_Low; Dimension_Practice
RR5MJRBZ,Goldkind (2024),Include,PRISMA_Include; Relevance_High; Dimension_Bias; Dimension_Vulnerable_Groups; Dimension_Practice; Dimension_Social_Work
3GB9B4IJ,Debnath (2024),Unclear,PRISMA_Unclear; Relevance_Low; Dimension_AI_Literacy; Dimension_Practice
25XSMXKT,Asseri (2024),Include,PRISMA_Include; Relevance_Medium; Dimension_Bias; Dimension_Vulnerable_Groups; Dimension_Practice
9YYPYEGY,Victor (2023),Include,PRISMA_Include; Relevance_High; Dimension_Bias; Dimension_AI_Literacy; Dimension_Practice; Dimension_Social_Work
Q8YPNNKL,Srinivasan (2025),Unclear,PRISMA_Unclear; Relevance_Medium; Dimension_Practice
IUN7Z56I,Reamer (2023),Include,PRISMA_Include; Relevance_High; Dimension_Bias; Dimension_Vulnerable_Groups; Dimension_Practice; Dimension_Social_Work
F7WNRWIC,De Duro (2025),Exclude,PRISMA_Exclude; Exclusion_Not_relevant_topic
GFHALQS2,Tun (2025),Include,PRISMA_Include; Relevance_Medium; Dimension_Bias; Dimension_Social_Work
MUBZ8XJL,Gaba (2025),Include,PRISMA_Include; Relevance_Medium; Dimension_Bias; Dimension_Vulnerable_Groups
7IY7AX7D,Colombatto (2025),Unclear,PRISMA_Unclear; Relevance_Medium; Dimension_AI_Literacy; Dimension_Practice
KRUQB7L2,Steyvers (2025),Unclear,PRISMA_Unclear; Relevance_Medium; Dimension_AI_Literacy; Dimension_Practice
WAYCKUZ8,Choudhury (2024),Include,PRISMA_Include; Relevance_Medium; Dimension_Bias; Dimension_Practice; Dimension_Social_Work
UIIDCXLB,Kamruzzaman (2024),Include,PRISMA_Include; Relevance_Medium; Dimension_Bias; Dimension_Practice
ZHQMHHPQ,Park (2025),Include,PRISMA_Include; Relevance_Low; Dimension_Practice
NUYCHW2T,Xu (2023),Include,PRISMA_Include; Relevance_Low; Dimension_Practice
7AS5MAU9,Srinivasan (2025),Unclear,PRISMA_Unclear; Relevance_Medium; Dimension_Practice
L48P8FBG,Goldkind (2024),Include,PRISMA_Include; Relevance_High; Dimension_Bias; Dimension_Vulnerable_Groups; Dimension_Practice; Dimension_Social_Work
U9ACKGB4,Bisconti (2024),Unclear,PRISMA_Unclear; Relevance_Low; Dimension_Practice
2YS85B49,Debnath (2024),Unclear,PRISMA_Unclear; Relevance_Low; Dimension_AI_Literacy; Dimension_Practice
Z4YXX9PZ,Kamruzzaman (2024),Include,PRISMA_Include; Relevance_Medium; Dimension_Bias; Dimension_Practice
GUMWKBN6,Asseri (2024),Include,PRISMA_Include; Relevance_Medium; Dimension_Bias; Dimension_Vulnerable_Groups; Dimension_Practice
U3AJIXAJ,Victor (2023),Include,PRISMA_Include; Relevance_High; Dimension_Bias; Dimension_AI_Literacy; Dimension_Practice; Dimension_Social_Work
HN7KKNYV,Reamer (2023),Include,PRISMA_Include; Relevance_High; Dimension_Bias; Dimension_Vulnerable_Groups; Dimension_Practice; Dimension_Social_Work
UB9NK8KI,Zayed (2024),Exclude,PRISMA_Exclude; Exclusion_No_full_text
XG7RFFC7,U.S. Bureau of Labor Statistics (2023),Exclude,PRISMA_Exclude; Exclusion_No_full_text
JRG3B3LE,Struppek (2024),Exclude,PRISMA_Exclude; Exclusion_No_full_text
JGZDWMN3,Wu (2025),Exclude,PRISMA_Exclude; Exclusion_No_full_text
NVZA58ML,Wang (2024),Exclude,PRISMA_Exclude; Exclusion_No_full_text
Z9DNTBFF,Srinivasan (2024),Exclude,PRISMA_Exclude; Exclusion_No_full_text
W8DFWR9L,Shin (2025),Exclude,PRISMA_Exclude; Exclusion_No_full_text
M7AGB7LI,Salecha (2025),Exclude,PRISMA_Exclude; Exclusion_No_full_text
6MJYP7ZX,Prakash (2023),Exclude,PRISMA_Exclude; Exclusion_No_full_text
YUVR5YNQ,Parrish (2025),Exclude,PRISMA_Exclude; Exclusion_No_full_text
YPYQ2TCL,Mei (2023),Exclude,PRISMA_Exclude; Exclusion_No_full_text
64DQYVVB,Liu (2025),Exclude,PRISMA_Exclude; Exclusion_No_full_text
RAY6G2R7,Lin (2024),Exclude,PRISMA_Exclude; Exclusion_No_full_text
QY6P4RGQ,Parrish (2022),Exclude,PRISMA_Exclude; Exclusion_No_full_text
H3STST88,Kojima (2022),Exclude,PRISMA_Exclude; Exclusion_No_full_text
RM833D5N,He (2024),Exclude,PRISMA_Exclude; Exclusion_No_full_text
ACDF4FL9,Chisca (2024),Exclude,PRISMA_Exclude; Exclusion_No_full_text
VEJBIZRR,Chen (2024),Exclude,PRISMA_Exclude; Exclusion_No_full_text
QIQR449A,Klinge (2024),Exclude,PRISMA_Exclude; Exclusion_No_full_text
55ZR64VU,Kaneko (2024),Exclude,PRISMA_Exclude; Exclusion_No_full_text
7IVS7X63,Jiang (2022),Exclude,PRISMA_Exclude; Exclusion_No_full_text
ST9UCTJE,Garg (2019),Exclude,PRISMA_Exclude; Exclusion_No_full_text
SQYLQFRU,Furniturewala (2024),Exclude,PRISMA_Exclude; Exclusion_No_full_text
KG8JRLRQ,Dixon (2018),Exclude,PRISMA_Exclude; Exclusion_No_full_text
GCN42PAM,Birru (2024),Exclude,PRISMA_Exclude; Exclusion_No_full_text
CYZQ6XPK,Kaneko (2024),Exclude,PRISMA_Exclude; Exclusion_Not_relevant_topic
EHQBHVYV,Asseri (2025),Include,PRISMA_Include; Relevance_High; Dimension_Bias; Dimension_Vulnerable_Groups; Dimension_Practice
22KJL3PC,Yuan (2025),Include,PRISMA_Include; Relevance_Medium; Dimension_Bias; Dimension_Practice
RARE5UFC,Kamruzzaman (2024),Exclude,PRISMA_Exclude; Exclusion_Wrong_publication_type
YMABYPKF,Salinas (2025),Include,PRISMA_Include; Relevance_High; Dimension_Bias; Dimension_Vulnerable_Groups; Dimension_Practice
ZLMLP53P,Cvoelcker (2023),Include,PRISMA_Include; Relevance_Medium; Dimension_Bias; Dimension_Vulnerable_Groups; Dimension_Practice
4LY3SA4E,Charlesworth (2024),Include,PRISMA_Include; Relevance_Medium; Dimension_Bias; Dimension_Vulnerable_Groups
TSYJ3Y57,UNESCO (2024),Include,PRISMA_Include; Relevance_High; Dimension_Bias; Dimension_Vulnerable_Groups; Dimension_AI_Literacy; Dimension_Practice
A776TPGG,Friedrich-Ebert-Stiftung (2025),Include,PRISMA_Include; Relevance_Medium; Dimension_Bias; Dimension_Vulnerable_Groups; Dimension_Practice
MTMU9UPJ,Qiu (2025),Unclear,PRISMA_Unclear; Relevance_Medium; Dimension_Bias; Dimension_Vulnerable_Groups; Dimension_Practice
CSJS9JGH,Latif (2023),Include,PRISMA_Include; Relevance_Medium; Dimension_Bias; Dimension_Vulnerable_Groups
BR2LG8LD,Kumar (2024),Include,PRISMA_Include; Relevance_Medium; Dimension_Bias; Dimension_Vulnerable_Groups
5G2QTZYD,Ahmed (2024),Include,PRISMA_Include; Relevance_Medium; Dimension_Bias; Dimension_Vulnerable_Groups
6QPLNNQK,UNESCO (2024),Include,PRISMA_Include; Relevance_Medium; Dimension_Bias; Dimension_Vulnerable_Groups
WS4KQPWN,Ulnicane (2024),Include,PRISMA_Include; Relevance_High; Dimension_Bias; Dimension_Vulnerable_Groups; Dimension_Practice
QD2CXE9I,An (2025),Include,PRISMA_Include; Relevance_Medium; Dimension_Bias; Dimension_Vulnerable_Groups; Dimension_Practice
HMDFMBV3,Ma (2023),Include,PRISMA_Include; Relevance_Medium; Dimension_Bias; Dimension_Vulnerable_Groups
5UAHQESQ,Basseri (2025),Include,PRISMA_Include; Relevance_High; Dimension_Bias; Dimension_Vulnerable_Groups; Dimension_Practice
UDZLIJWX,Yunusov (2024),Unclear,PRISMA_Unclear; Relevance_Medium; Dimension_Bias; Dimension_Vulnerable_Groups
6BZ5353S,Wang (2025),Exclude,PRISMA_Exclude; Exclusion_Not_relevant_topic
Z9BIKVS3,Laine (2025),Include,PRISMA_Include; Relevance_Medium; Dimension_Bias; Dimension_Vulnerable_Groups
SSH3LVN6,Ulnicane (2024),Include,PRISMA_Include; Relevance_Medium; Dimension_Bias; Dimension_Vulnerable_Groups
QZJL6KBZ,Lund (2025),Include,PRISMA_Include; Relevance_Medium; Dimension_Bias; Dimension_Vulnerable_Groups; Dimension_Practice
UBYTNGNV,Giannoni Adielsson (2024),Include,PRISMA_Include; Relevance_High; Dimension_Bias; Dimension_Vulnerable_Groups; Dimension_Practice
RZ4QFXQI,West (2023),Include,PRISMA_Include; Relevance_Medium; Dimension_Bias; Dimension_Vulnerable_Groups
K2KL8WH8,Djiberou Mahamadou (2024),Include,PRISMA_Include; Relevance_Medium; Dimension_Bias; Dimension_Vulnerable_Groups; Dimension_Practice
DWS4KXBW,Ovalle (2024),Include,PRISMA_Include; Relevance_High; Dimension_Bias; Dimension_Vulnerable_Groups; Dimension_Practice
K6JQ7SVA,Zannone (2023),Include,PRISMA_Include; Relevance_Medium; Dimension_Bias; Dimension_Vulnerable_Groups
NBYNRKBL,Wudel (2025),Include,PRISMA_Include; Relevance_High; Dimension_Bias; Dimension_Vulnerable_Groups; Dimension_Practice
XK6G84V7,Wang (2024),Include,PRISMA_Include; Relevance_Medium; Dimension_Bias; Dimension_Vulnerable_Groups
T83KNEQZ,Ovalle (2023),Include,PRISMA_Include; Relevance_Medium; Dimension_Bias; Dimension_Vulnerable_Groups
TRAN2GJU,Ricaurte (2024),Include,PRISMA_Include; Relevance_Medium; Dimension_Bias; Dimension_Vulnerable_Groups; Dimension_Practice
Q4LK53XW,Kong (2022),Include,PRISMA_Include; Relevance_Medium; Dimension_Bias; Dimension_Vulnerable_Groups
XIYX5HJS,Ricaurte Quijano (2024),Include,PRISMA_Include; Relevance_High; Dimension_Bias; Dimension_Vulnerable_Groups; Dimension_Practice
3QUWCYVW,Kattnig (2024),Include,PRISMA_Include; Relevance_Medium; Dimension_Bias; Dimension_Vulnerable_Groups; Dimension_Practice
5F7D9PEB,Alvarez (2024),Include,PRISMA_Include; Relevance_Medium; Dimension_Bias; Dimension_Vulnerable_Groups; Dimension_Practice
2SLISKSW,McCrory (2024),Include,PRISMA_Include; Relevance_Medium; Dimension_Bias; Dimension_Vulnerable_Groups
8U23BX2J,Ulnicane (2024),Include,PRISMA_Include; Relevance_Medium; Dimension_Bias; Dimension_Vulnerable_Groups
7L93JBLR,Karagianni (2025),Include,PRISMA_Include; Relevance_Medium; Dimension_Bias; Dimension_Vulnerable_Groups
NUVZI357,Mosene (2023),Exclude,PRISMA_Exclude; Exclusion_Wrong_publication_type
2565PPJW,Guerra (2023),Include,PRISMA_Include; Relevance_Medium; Dimension_Bias; Dimension_Vulnerable_Groups; Dimension_Practice
DA6T4Z5B,Sinders (2017),Exclude,PRISMA_Exclude; Exclusion_Wrong_publication_type
UFJ7ERFF,D'Ignazio (2024),Include,PRISMA_Include; Relevance_Medium; Dimension_Bias; Dimension_Vulnerable_Groups
BJZYGNEE,Toupin (2024),Include,PRISMA_Include; Relevance_Medium; Dimension_Bias; Dimension_Vulnerable_Groups; Dimension_AI_Literacy
N7J2ZRFP,Srivastava (2024),Exclude,PRISMA_Exclude; Exclusion_Not_relevant_topic
HJ7BHX8J,Browne (2024),Include,PRISMA_Include; Relevance_Medium; Dimension_Bias; Dimension_Vulnerable_Groups
VFD9ENG6,Gohar (2023),Include,PRISMA_Include; Relevance_Medium; Dimension_Bias; Dimension_Vulnerable_Groups
THGC3PA2,Kubes (2024),Exclude,PRISMA_Exclude; Exclusion_Wrong_publication_type
MT54YHER,Zhao (2025),Unclear,PRISMA_Unclear; Relevance_High; Dimension_Bias; Dimension_AI_Literacy; Dimension_Practice
T8R8RKX9,Wilson (2024),Include,PRISMA_Include; Relevance_Medium; Dimension_Bias; Dimension_Vulnerable_Groups
X54V3JMF,Ulnicane (2024),Include,PRISMA_Include; Relevance_Medium; Dimension_Bias; Dimension_Vulnerable_Groups
EN6GNKL3,Dilek (2025),Unclear,PRISMA_Unclear; Relevance_High; Dimension_Bias; Dimension_AI_Literacy; Dimension_Practice
QUU8QDPQ,Benjamin (2023),Include,PRISMA_Include; Relevance_Medium; Dimension_Bias; Dimension_Vulnerable_Groups
PQC9G5EU,Wajcman (2023),Include,PRISMA_Include; Relevance_Medium; Dimension_Bias; Dimension_Vulnerable_Groups
U75LP6SV,Raji (2024),Include,PRISMA_Include; Relevance_High; Dimension_Bias; Dimension_Vulnerable_Groups; Dimension_Practice
JZ4P8V8S,Thwaites (2024),Include,PRISMA_Include; Relevance_Medium; Dimension_Bias; Dimension_AI_Literacy; Dimension_Practice
SJLJ2GHC,Ulnicane (2024),Include,PRISMA_Include; Relevance_Medium; Dimension_Bias; Dimension_Vulnerable_Groups
3XMBE43Z,Voutyrakou (2025),Include,PRISMA_Include; Relevance_Medium; Dimension_Bias; Dimension_Vulnerable_Groups
SHDNTZJZ,Toupin (2024),Include,PRISMA_Include; Relevance_Medium; Dimension_Bias; Dimension_Vulnerable_Groups
9YCFMPVT,Ulnicane (2024),Include,PRISMA_Include; Relevance_Medium; Dimension_Bias; Dimension_Vulnerable_Groups
C485NKYA,Attard-Frost (2025),Unclear,PRISMA_Unclear; Relevance_Medium; Dimension_Bias; Dimension_Vulnerable_Groups; Dimension_AI_Literacy
XZ6Z8A9C,Knowles (2023),Include,PRISMA_Include; Relevance_Medium; Dimension_Bias; Dimension_Vulnerable_Groups
GJF776AY,Shukla (2025),Include,PRISMA_Include; Relevance_Medium; Dimension_Bias; Dimension_Vulnerable_Groups; Dimension_Practice
PC75954S,Ghosal (2024),Include,PRISMA_Include; Relevance_Medium; Dimension_Bias; Dimension_Vulnerable_Groups; Dimension_Social_Work
ZAU6P4BK,Toupin (2024),Include,PRISMA_Include; Relevance_Medium; Dimension_Bias; Dimension_Vulnerable_Groups
Y8J3HI9J,Lin (2022),Include,PRISMA_Include; Relevance_Medium; Dimension_Bias; Dimension_Vulnerable_Groups
VVEEL68I,Slesinger (2024),Include,PRISMA_Include; Relevance_High; Dimension_Bias; Dimension_Vulnerable_Groups; Dimension_AI_Literacy; Dimension_Practice
HLBXNWAZ,Sharma (2024),Include,PRISMA_Include; Relevance_Medium; Dimension_Bias; Dimension_Vulnerable_Groups
Y6SAPNT2,Vethman (2025),Include,PRISMA_Include; Relevance_High; Dimension_Bias; Dimension_Vulnerable_Groups; Dimension_Practice
XXCDL3A3,Ovalle (2023),Include,PRISMA_Include; Relevance_Medium; Dimension_Bias; Dimension_Vulnerable_Groups
QXDK8Z6I,Himmelreich (2022),Include,PRISMA_Include; Relevance_Medium; Dimension_Bias; Dimension_Vulnerable_Groups
LT3D3ZQ2,Siapka (2023),Include,PRISMA_Include; Relevance_Medium; Dimension_Bias; Dimension_Vulnerable_Groups
D2EGAVKZ,Klein (2024),Include,PRISMA_Include; Relevance_Medium; Dimension_Bias; Dimension_Vulnerable_Groups
NHIZN4QJ,Wudel (2025),Include,PRISMA_Include; Relevance_High; Dimension_Bias; Dimension_Vulnerable_Groups; Dimension_Practice
MIT8HTC6,Clemmer (2024),Exclude,PRISMA_Exclude; Exclusion_Not_relevant_topic
YN9JAREI,Gengler (2024),Exclude,PRISMA_Exclude; Exclusion_Wrong_publication_type
UJ7DXK8Y,Santy (2023),Include,PRISMA_Include; Relevance_Medium; Dimension_Bias; Dimension_Vulnerable_Groups; Dimension_Practice
MJDTRLAI,Shin (2024),Include,PRISMA_Include; Relevance_Medium; Dimension_Bias; Dimension_Vulnerable_Groups; Dimension_Practice
6L85PRUW,Skilton (2024),Include,PRISMA_Include; Relevance_High; Dimension_Bias; Dimension_Vulnerable_Groups; Dimension_Practice
YLAKP7Z2,Jääskeläinen (2025),Include,PRISMA_Include; Relevance_Medium; Dimension_Bias; Dimension_Vulnerable_Groups
8WBUGXRR,Djeffal (2025),Include,PRISMA_Include; Relevance_High; Dimension_Bias; Dimension_Vulnerable_Groups; Dimension_AI_Literacy; Dimension_Practice
IDW7QSYG,Fraile-Rojas (2025),Include,PRISMA_Include; Relevance_Medium; Dimension_Bias; Dimension_Vulnerable_Groups
AIZGTQKG,Shah (2025),Include,PRISMA_Include; Relevance_High; Dimension_Bias; Dimension_Vulnerable_Groups; Dimension_AI_Literacy; Dimension_Practice
X7ZGW6CN,Ciston (2024),Include,PRISMA_Include; Relevance_High; Dimension_Bias; Dimension_Vulnerable_Groups; Dimension_Practice
CHJQ52DC,Latif (2024),Unclear,PRISMA_Unclear; Relevance_Medium; Dimension_Bias; Dimension_Vulnerable_Groups
AIGLDZ4C,Articulate (2025),Exclude,PRISMA_Exclude; Exclusion_Wrong_publication_type
AFDLFCIL,Ahmed (2024),Unclear,PRISMA_Unclear; Relevance_Medium; Dimension_Bias; Dimension_Vulnerable_Groups
FDR5APIU,Ulnicane (2024),Include,PRISMA_Include; Relevance_Medium; Dimension_Bias; Dimension_Vulnerable_Groups
SWB86AYC,Hartshorne (2025),Include,PRISMA_Include; Relevance_High; Dimension_Bias; Dimension_Vulnerable_Groups; Dimension_AI_Literacy; Dimension_Practice
GP4JDSI8,Klein (2024),Include,PRISMA_Include; Relevance_High; Dimension_Bias; Dimension_Vulnerable_Groups; Dimension_Practice
GPSB87RN,Wudel (2025),Unclear,PRISMA_Unclear; Relevance_High; Dimension_Bias; Dimension_Vulnerable_Groups; Dimension_Practice
SHJQQTI6,Gohar (2023),Include,PRISMA_Include; Relevance_Medium; Dimension_Bias; Dimension_Vulnerable_Groups
9Y7ZFGI5,Shah (2025),Include,PRISMA_Include; Relevance_High; Dimension_Bias; Dimension_Vulnerable_Groups; Dimension_Practice
9BDIJE9B,UN Women (2024),Include,PRISMA_Include; Relevance_High; Dimension_Bias; Dimension_Vulnerable_Groups; Dimension_Practice
V4GTLMED,Browne (2024),Include,PRISMA_Include; Relevance_Medium; Dimension_Bias; Dimension_Vulnerable_Groups
YMYHLMFS,Klein (2024),Include,PRISMA_Include; Relevance_Medium; Dimension_Bias; Dimension_Vulnerable_Groups; Dimension_Practice
QM6L6XLZ,A+ Alliance (2024),Include,PRISMA_Include; Relevance_High; Dimension_Bias; Dimension_Vulnerable_Groups; Dimension_Practice
ZNHUCA4B,UNESCO (2021),Include,PRISMA_Include; Relevance_Medium; Dimension_Bias; Dimension_Vulnerable_Groups
SQ38TTWQ,An (2025),Include,PRISMA_Include; Relevance_Medium; Dimension_Bias; Dimension_Vulnerable_Groups
ZMW228P6,Ovalle (2023),Include,PRISMA_Include; Relevance_Medium; Dimension_Bias; Dimension_Vulnerable_Groups
XW8NHCIE,Wilson (2024),Include,PRISMA_Include; Relevance_Medium; Dimension_Bias; Dimension_Vulnerable_Groups
ZLM537Z4,Browne (2023),Include,PRISMA_Include; Relevance_Medium; Dimension_Bias; Dimension_Vulnerable_Groups
JZN2I6J5,Chisca (2024),Exclude,PRISMA_Exclude; Exclusion_Not_relevant_topic
MS3CNU3S,Gallegos (2024),Exclude,PRISMA_Exclude; Exclusion_Not_relevant_topic
7G73H3KM,Small (2023),Unclear,PRISMA_Unclear; Relevance_Medium; Dimension_AI_Literacy; Dimension_Practice
KNQYFQ6B,Sant (2024),Exclude,PRISMA_Exclude; Exclusion_Not_relevant_topic
8BUHU5EP,Derechos Digitales (2023),Include,PRISMA_Include; Relevance_Medium; Dimension_Bias; Dimension_Vulnerable_Groups; Dimension_Practice
IGFYSIV8,Toupin (2024),Include,PRISMA_Include; Relevance_Medium; Dimension_Bias; Dimension_Vulnerable_Groups
BDI6XU5A,Franken (),Exclude,PRISMA_Exclude; Exclusion_No_full_text
EQV4DNQR,UNESCO (2024),Include,PRISMA_Include; Relevance_Medium; Dimension_Bias; Dimension_Vulnerable_Groups
8NG4ZEWE,Walgenbach (2023),Exclude,PRISMA_Exclude; Exclusion_No_full_text
5T55I5Z7,UNESCO (2020),Include,PRISMA_Include; Relevance_Medium; Dimension_Bias; Dimension_Vulnerable_Groups
QUV5DQH3,Smith (2021),Include,PRISMA_Include; Relevance_High; Dimension_Bias; Dimension_Vulnerable_Groups; Dimension_Practice
4KMMPA6A,Gengler (2024),Exclude,PRISMA_Exclude; Exclusion_Wrong_publication_type
3ZNMTJ5B,Unknown (),Exclude,PRISMA_Exclude; Exclusion_Wrong_publication_type
J5EF9W6M,DIVERSIFAIR Project (2024),Include,PRISMA_Include; Relevance_High; Dimension_Bias; Dimension_Vulnerable_Groups; Dimension_AI_Literacy; Dimension_Practice
2EBHMYU4,Ulnicane (2024),Include,PRISMA_Include; Relevance_Medium; Dimension_Bias; Dimension_Vulnerable_Groups
